Rk,Player,Pos,Age,Tm,G,GS,MP,FG,FGA,FG%,3P,3PA,3P%,2P,2PA,2P%,eFG%,FT,FTA,FT%,ORB,DRB,TRB,AST,STL,BLK,TOV,PF,PTS
1,Stephen Curry\curryst01,PG,32,GSW,63,63,34.2,10.4,21.7,0.482,5.3,12.7,0.421,5.1,9,0.569,0.605,5.7,6.3,0.916,0.5,5,5.5,5.8,1.2,0.1,3.4,1.9,32
2,Bradley Beal\bealbr01,SG,27,WAS,60,60,35.8,11.2,23,0.485,2.2,6.2,0.349,9,16.8,0.535,0.532,6.8,7.7,0.889,1.2,3.5,4.7,4.4,1.2,0.4,3.1,2.3,31.3
3,Damian Lillard\lillada01,PG,30,POR,67,67,35.8,9,19.9,0.451,4.1,10.5,0.391,4.9,9.4,0.519,0.554,6.7,7.2,0.928,0.5,3.7,4.2,7.5,0.9,0.3,3,1.5,28.8
4,Joel Embiid\embiijo01,C,26,PHI,51,51,31.1,9,17.6,0.513,1.1,3,0.377,7.9,14.6,0.541,0.545,9.2,10.7,0.859,2.2,8.4,10.6,2.8,1,1.4,3.1,2.4,28.5
5,Giannis Antetokounmpo\antetgi01,PF,26,MIL,61,61,33,10.3,18,0.569,1.1,3.6,0.303,9.2,14.4,0.636,0.6,6.5,9.5,0.685,1.6,9.4,11,5.9,1.2,1.2,3.4,2.8,28.1
6,Luka Dončić\doncilu01,PG,21,DAL,66,66,34.3,9.8,20.5,0.479,2.9,8.3,0.35,6.9,12.2,0.567,0.55,5.2,7.1,0.73,0.8,7.2,8,8.6,1,0.5,4.3,2.3,27.7
7,Zach LaVine\lavinza01,SG,25,CHI,58,58,35.1,9.8,19.4,0.507,3.4,8.2,0.419,6.4,11.1,0.571,0.596,4.4,5.1,0.849,0.6,4.4,5,4.9,0.8,0.5,3.5,2.4,27.4
8,Zion Williamson\willizi01,PF,20,NOP,61,61,33.2,10.4,17,0.611,0.2,0.6,0.294,10.2,16.4,0.622,0.616,6,8.7,0.698,2.7,4.5,7.2,3.7,0.9,0.6,2.7,2.2,27
9,Kyrie Irving\irvinky01,PG,28,BRK,54,54,34.9,10.2,20.1,0.506,2.8,7,0.402,7.4,13.1,0.561,0.576,3.7,4,0.922,1,3.8,4.8,6,1.4,0.7,2.4,2.6,26.9
10,Nikola Jokić\jokicni01,C,25,DEN,72,72,34.6,10.2,18,0.566,1.3,3.3,0.388,8.9,14.7,0.606,0.602,4.8,5.5,0.868,2.8,8,10.8,8.3,1.3,0.7,3.1,2.7,26.4
11,Donovan Mitchell\mitchdo01,PG,24,UTA,53,53,33.4,9,20.6,0.438,3.4,8.7,0.386,5.7,11.9,0.476,0.52,5,6,0.845,0.9,3.5,4.4,5.2,1,0.3,2.8,2.2,26.4
12,Jayson Tatum\tatumja01,SF,22,BOS,64,64,35.8,9.5,20.6,0.459,2.9,7.6,0.386,6.5,13,0.502,0.53,4.6,5.3,0.868,0.8,6.6,7.4,4.3,1.2,0.5,2.7,1.9,26.4
13,Devin Booker\bookede01,SG,24,PHO,67,67,33.9,9.3,19.2,0.484,1.9,5.5,0.34,7.4,13.7,0.543,0.533,5.1,5.9,0.867,0.5,3.7,4.2,4.3,0.8,0.2,3.1,2.7,25.6
14,Trae Young\youngtr01,PG,22,ATL,63,63,33.7,7.7,17.7,0.438,2.2,6.3,0.343,5.6,11.3,0.491,0.499,7.7,8.7,0.886,0.6,3.3,3.9,9.4,0.8,0.2,4.1,1.8,25.3
15,De'Aaron Fox\foxde01,PG,23,SAC,58,58,35.1,9.1,19.1,0.477,1.8,5.5,0.322,7.3,13.6,0.539,0.523,5.2,7.2,0.719,0.6,2.9,3.5,7.2,1.5,0.5,3,2.9,25.2
16,Kawhi Leonard\leonaka01,SF,29,LAC,52,52,34.1,8.9,17.5,0.512,1.9,4.9,0.398,7,12.6,0.557,0.568,5,5.7,0.885,1.1,5.4,6.5,5.2,1.6,0.4,2,1.6,24.8
17,Jaylen Brown\brownja02,SG,24,BOS,58,58,34.5,9.3,19.2,0.484,2.8,7.1,0.397,6.5,12.1,0.536,0.558,3.3,4.3,0.764,1.2,4.8,6,3.4,1.2,0.6,2.7,2.9,24.7
18,Collin Sexton\sextoco01,SG,22,CLE,60,60,35.3,8.8,18.4,0.475,1.6,4.4,0.371,7.1,14,0.508,0.519,5.2,6.4,0.815,1,2.2,3.1,4.4,1,0.2,2.8,2.6,24.3
19,Julius Randle\randlju01,PF,26,NYK,71,71,37.6,8.5,18.6,0.456,2.3,5.5,0.411,6.2,13.1,0.474,0.516,4.9,6,0.811,1.2,9,10.2,6,0.9,0.3,3.4,3.2,24.1
20,Brandon Ingram\ingrabr01,SF,23,NOP,61,61,34.3,8.4,18,0.466,2.3,6.1,0.381,6.1,11.9,0.51,0.531,4.6,5.2,0.878,0.6,4.3,4.9,4.9,0.7,0.6,2.5,2,23.8
21,Nikola Vučević\vucevni01,C,30,TOT,70,70,33.5,9.5,19.9,0.477,2.5,6.3,0.4,7,13.7,0.513,0.54,1.9,2.2,0.84,2.1,9.6,11.7,3.8,0.9,0.7,1.8,2,23.4
22,Paul George\georgpa01,SF,30,LAC,54,54,33.7,8.2,17.6,0.467,3.2,7.7,0.411,5.1,9.9,0.51,0.557,3.7,4.2,0.868,0.8,5.8,6.6,5.2,1.1,0.4,3.3,2.4,23.3
23,Jerami Grant\grantje01,SF,26,DET,54,54,33.9,7.4,17.3,0.429,2.1,6.1,0.35,5.3,11.2,0.473,0.491,5.4,6.4,0.845,0.6,4,4.6,2.8,0.6,1.1,2,2.3,22.3
24,Russell Westbrook\westbru01,PG,32,WAS,65,65,36.4,8.4,19,0.439,1.3,4.2,0.315,7,14.8,0.475,0.474,4.2,6.4,0.656,1.7,9.9,11.5,11.7,1.4,0.4,4.8,2.9,22.2
25,DeMar DeRozan\derozde01,PF,31,SAS,61,61,33.7,7.5,15.1,0.495,0.3,1.2,0.257,7.1,13.9,0.515,0.505,6.3,7.2,0.88,0.7,3.6,4.2,6.9,0.9,0.2,2,2.1,21.6
26,Jimmy Butler\butleji01,SF,31,MIA,52,52,33.6,7,14.2,0.497,0.5,2,0.245,6.6,12.2,0.538,0.514,6.9,8,0.863,1.8,5.1,6.9,7.1,2.1,0.3,2.1,1.4,21.5
27,Pascal Siakam\siakapa01,PF,26,TOR,56,56,35.8,7.8,17.2,0.455,1.3,4.4,0.297,6.5,12.8,0.509,0.493,4.4,5.4,0.827,1.7,5.5,7.2,4.5,1.1,0.7,2.3,3.1,21.4
28,Malcolm Brogdon\brogdma01,PG,28,IND,56,56,34.5,7.9,17.5,0.453,2.6,6.7,0.388,5.3,10.8,0.493,0.527,2.7,3.2,0.864,1,4.2,5.3,5.9,0.9,0.3,2.1,2,21.2
29,Khris Middleton\middlkh01,SF,29,MIL,68,68,33.4,7.5,15.8,0.476,2.2,5.4,0.414,5.3,10.4,0.508,0.546,3.1,3.5,0.898,0.8,5.2,6,5.4,1.1,0.1,2.6,2.4,20.4
30,Terry Rozier\roziete01,SG,26,CHO,69,69,34.5,7.4,16.4,0.45,3.2,8.3,0.389,4.2,8.2,0.512,0.548,2.4,2.9,0.817,0.7,3.7,4.4,4.2,1.3,0.4,1.9,1.7,20.4
31,Domantas Sabonis\sabondo01,PF,24,IND,62,62,36,7.8,14.6,0.535,0.8,2.6,0.321,7,12,0.582,0.564,3.9,5.3,0.732,2.4,9.5,12,6.7,1.2,0.5,3.4,3.3,20.3
32,Fred VanVleet\vanvlfr01,SG,26,TOR,52,52,36.5,6.5,16.7,0.389,3.3,9.2,0.366,3.2,7.6,0.416,0.489,3.3,3.7,0.885,0.6,3.6,4.2,6.3,1.7,0.7,1.8,2.3,19.6
33,Tobias Harris\harrito02,PF,28,PHI,62,62,32.5,7.6,14.9,0.512,1.3,3.4,0.394,6.3,11.5,0.546,0.556,2.9,3.3,0.892,1,5.8,6.8,3.5,0.9,0.8,1.7,1.9,19.5
34,Anthony Edwards\edwaran01,SG,19,MIN,72,55,32.1,7,16.8,0.417,2.4,7.2,0.329,4.6,9.6,0.483,0.488,2.9,3.8,0.776,0.8,3.8,4.7,2.9,1.1,0.5,2.2,1.8,19.3
35,Ja Morant\moranja01,PG,21,MEM,63,63,32.6,6.8,15.2,0.449,1.2,3.8,0.303,5.7,11.4,0.499,0.487,4.3,5.9,0.728,0.9,3.1,4,7.4,0.9,0.2,3.2,1.4,19.1
36,Michael Porter Jr.\portemi01,SF,22,DEN,61,54,31.3,7.3,13.4,0.542,2.8,6.3,0.445,4.5,7.1,0.628,0.646,1.7,2.2,0.791,1.5,5.8,7.3,1.1,0.7,0.9,1.3,2.1,19
37,Bam Adebayo\adebaba01,C,23,MIA,64,64,33.5,7.1,12.5,0.57,0,0.1,0.25,7.1,12.4,0.573,0.571,4.4,5.5,0.799,2.2,6.7,9,5.4,1.2,1,2.6,2.3,18.7
38,Norman Powell\powelno01,SG-SF,27,TOT,69,58,32,6.3,13.3,0.477,2.5,6,0.411,3.9,7.3,0.532,0.57,3.4,3.9,0.871,0.6,2.5,3.1,1.9,1.2,0.3,1.7,2.3,18.6
39,Andrew Wiggins\wiggian01,PF,25,GSW,71,71,33.3,7.1,14.9,0.477,2,5.2,0.38,5.1,9.7,0.529,0.543,2.4,3.4,0.714,1.2,3.7,4.9,2.4,0.9,1,1.8,2.2,18.6
40,Jordan Clarkson\clarkjo01,SG,28,UTA,68,1,26.7,6.7,15.8,0.425,3.1,8.8,0.347,3.7,7,0.523,0.522,1.9,2.1,0.896,0.7,3.3,4,2.5,0.9,0.1,1.7,1.6,18.4
41,Jrue Holiday\holidjr01,PG,30,MIL,59,56,32.3,7,13.9,0.503,1.9,4.8,0.392,5.1,9.2,0.561,0.57,1.8,2.3,0.787,1.2,3.3,4.5,6.1,1.6,0.6,2.2,1.7,17.7
42,RJ Barrett\barrerj01,SG,20,NYK,72,72,34.9,6.5,14.7,0.441,1.7,4.3,0.401,4.8,10.4,0.457,0.499,2.9,3.8,0.746,0.9,4.8,5.8,3,0.7,0.3,1.9,2.6,17.6
43,John Collins\collijo01,PF,23,ATL,63,63,29.3,6.8,12.2,0.556,1.3,3.3,0.399,5.5,8.9,0.615,0.61,2.7,3.2,0.833,1.9,5.5,7.4,1.2,0.5,1,1.3,3.1,17.6
44,Darius Garland\garlada01,PG,21,CLE,54,50,33.1,6.7,14.9,0.451,1.9,4.9,0.395,4.8,9.9,0.479,0.517,2.1,2.4,0.848,0.4,2,2.4,6.1,1.2,0.1,3,2,17.4
45,Dillon Brooks\brookdi01,SF,25,MEM,67,67,29.8,6.4,15.4,0.419,1.9,5.6,0.344,4.5,9.8,0.461,0.481,2.4,2.9,0.815,0.8,2.1,2.9,2.3,1.2,0.4,1.8,3.5,17.2
46,Jonas Valančiūnas\valanjo01,C,28,MEM,62,61,28.3,7.1,12,0.592,0.3,0.9,0.368,6.8,11.1,0.611,0.606,2.5,3.3,0.773,4.1,8.4,12.5,1.8,0.6,0.9,1.6,2.9,17.1
47,Bojan Bogdanović\bogdabo02,SF,31,UTA,72,72,30.8,5.6,12.8,0.439,2.5,6.4,0.39,3.1,6.4,0.487,0.536,3.2,3.7,0.879,0.6,3.3,3.9,1.9,0.6,0.1,1.8,1.6,17
48,Tim Hardaway Jr.\hardati02,SG,28,DAL,70,31,28.4,5.8,13,0.447,3,7.6,0.391,2.9,5.5,0.524,0.56,2,2.5,0.816,0.3,3,3.3,1.8,0.4,0.2,0.9,1.6,16.6
49,Buddy Hield\hieldbu01,SG,28,SAC,71,71,34.3,5.7,14,0.406,4,10.2,0.391,1.7,3.8,0.446,0.548,1.2,1.5,0.846,0.4,4.3,4.7,3.6,0.9,0.4,1.8,2.5,16.6
50,Chris Paul\paulch01,PG,35,PHO,70,70,31.4,6.3,12.6,0.499,1.5,3.7,0.395,4.8,8.9,0.543,0.557,2.4,2.6,0.934,0.4,4.1,4.5,8.9,1.4,0.3,2.2,2.4,16.4
51,Mike Conley\conlemi01,PG,33,UTA,51,51,29.4,5.6,12.5,0.444,2.7,6.6,0.412,2.9,6,0.479,0.552,2.4,2.8,0.852,0.7,2.8,3.5,6,1.4,0.2,1.9,1.9,16.2
52,Harrison Barnes\barneha02,PF,28,SAC,58,58,36.2,5.5,11.1,0.497,1.7,4.4,0.391,3.8,6.7,0.567,0.575,3.4,4.1,0.83,1.1,5.5,6.6,3.5,0.7,0.2,1.6,1.3,16.1
53,LaMelo Ball\ballla01,PG,19,CHO,51,31,28.8,5.7,13.2,0.436,1.8,5.1,0.352,3.9,8.1,0.489,0.504,2.5,3.2,0.758,1.2,4.7,5.9,6.1,1.6,0.4,2.8,2.7,15.7
54,Dejounte Murray\murrade01,PG,24,SAS,67,67,31.9,6.6,14.5,0.453,0.9,3,0.317,5.6,11.6,0.488,0.485,1.6,2,0.791,0.9,6.2,7.1,5.4,1.5,0.1,1.7,2,15.7
55,Kelly Oubre Jr.\oubreke01,SF,25,GSW,55,50,30.7,5.8,13.2,0.439,1.6,5.2,0.316,4.1,8,0.519,0.501,2.2,3.2,0.695,1.5,4.5,6,1.3,1,0.8,1.3,2.2,15.4
56,Dennis Schröder\schrode01,SG,27,LAL,61,61,32.1,5.4,12.5,0.437,1.2,3.5,0.335,4.3,9,0.476,0.484,3.4,4,0.848,0.5,3,3.5,5.8,1.1,0.2,2.7,2.6,15.4
57,Gary Trent Jr.\trentga02,SG,22,TOT,58,38,31.1,5.5,13.5,0.408,2.8,7.4,0.385,2.7,6.1,0.435,0.513,1.4,1.8,0.783,0.5,2.2,2.6,1.4,1,0.2,0.7,1.6,15.3
58,Clint Capela\capelca01,C,26,ATL,63,63,30.1,6.6,11,0.594,0,0,,6.6,11,0.594,0.594,2.1,3.6,0.573,4.7,9.6,14.3,0.8,0.7,2,1.2,2.3,15.2
59,Tyler Herro\herroty01,SG,21,MIA,54,15,30.3,5.7,12.9,0.439,2,5.5,0.36,3.7,7.4,0.498,0.516,1.7,2.2,0.803,0.5,4.5,5,3.4,0.6,0.3,1.9,1.3,15.1
60,Coby White\whiteco01,PG,20,CHI,69,54,31.2,5.4,13.1,0.416,2.4,6.6,0.359,3.1,6.5,0.473,0.506,1.9,2.1,0.901,0.4,3.7,4.1,4.8,0.6,0.2,2.3,2.6,15.1
61,Devonte' Graham\grahade01,PG,25,CHO,55,44,30.2,4.6,12.2,0.377,3.3,8.7,0.375,1.3,3.5,0.38,0.51,2.4,2.9,0.842,0.4,2.3,2.7,5.4,0.9,0.1,1.5,1.4,14.8
62,Lonzo Ball\balllo01,PG,23,NOP,55,55,31.8,5.3,12.7,0.414,3.1,8.3,0.378,2.1,4.5,0.482,0.537,0.9,1.2,0.781,0.6,4.2,4.8,5.7,1.5,0.6,2.2,1.9,14.6
63,Kendrick Nunn\nunnke01,PG,25,MIA,56,44,29.5,5.7,11.8,0.485,2.2,5.7,0.381,3.5,6,0.583,0.578,1,1.1,0.933,0.4,2.8,3.2,2.6,0.9,0.3,1.4,1.9,14.6
64,Deandre Ayton\aytonde01,C,22,PHO,69,69,30.7,6.2,10,0.626,0.1,0.3,0.2,6.2,9.7,0.639,0.629,1.9,2.5,0.769,3.3,7.2,10.5,1.4,0.6,1.2,1.5,2.8,14.4
65,Rudy Gobert\goberru01,C,28,UTA,71,71,30.8,5.5,8.2,0.675,0,0.1,0,5.5,8.1,0.68,0.675,3.3,5.3,0.623,3.4,10.1,13.5,1.3,0.6,2.7,1.7,2.3,14.3
66,Ben Simmons\simmobe01,PG,24,PHI,58,58,32.4,5.6,10.1,0.557,0.1,0.2,0.3,5.6,9.9,0.562,0.56,3,4.9,0.613,1.6,5.6,7.2,6.9,1.6,0.6,3,2.9,14.3
67,Richaun Holmes\holmeri01,C,27,SAC,61,61,29.2,6,9.4,0.637,0,0.2,0.182,6,9.2,0.645,0.638,2.2,2.8,0.794,2.4,5.9,8.3,1.7,0.6,1.6,1.2,3.5,14.2
68,Joe Harris\harrijo01,SF,29,BRK,69,65,31,5.2,10.2,0.505,3.1,6.4,0.475,2.1,3.8,0.555,0.654,0.7,0.9,0.778,0.6,3,3.6,1.9,0.7,0.2,0.9,2,14.1
69,Luguentz Dort\dortlu01,SG,21,OKC,52,52,29.7,4.8,12.3,0.387,2.2,6.3,0.343,2.6,6,0.432,0.475,2.3,3.2,0.744,0.7,2.9,3.6,1.7,0.9,0.4,1.5,2.6,14
70,Rui Hachimura\hachiru01,PF,22,WAS,57,57,31.5,5.4,11.4,0.478,0.8,2.4,0.328,4.6,9,0.519,0.513,2.2,2.8,0.77,0.9,4.6,5.5,1.4,0.8,0.1,1.2,2.1,13.8
71,Darius Bazley\bazleda01,PF,20,OKC,55,55,31.2,5,12.5,0.396,1.5,5.2,0.29,3.5,7.3,0.47,0.456,2.3,3.2,0.702,0.9,6.3,7.2,1.8,0.5,0.5,2.2,1.1,13.7
72,Chris Boucher\bouchch01,C,28,TOR,60,14,24.2,4.8,9.3,0.514,1.5,3.9,0.383,3.3,5.4,0.609,0.595,2.5,3.2,0.788,2,4.8,6.7,1.1,0.6,1.9,0.8,2.8,13.6
73,Lauri Markkanen\markkla01,PF,23,CHI,51,26,25.8,4.9,10.2,0.48,2.3,5.8,0.402,2.6,4.4,0.582,0.594,1.5,1.8,0.826,0.7,4.6,5.3,0.9,0.5,0.3,1,1.5,13.6
74,Doug McDermott\mcderdo01,PF,29,IND,66,29,24.5,5.4,10.1,0.532,1.7,4.3,0.388,3.7,5.7,0.641,0.616,1.2,1.5,0.816,0.9,2.4,3.3,1.3,0.3,0.1,0.8,1.8,13.6
75,Mikal Bridges\bridgmi01,SF,24,PHO,72,72,32.6,5,9.3,0.543,1.9,4.4,0.425,3.2,4.9,0.647,0.643,1.5,1.8,0.84,1.1,3.2,4.3,2.1,1.1,0.9,0.8,1.6,13.5
76,Montrezl Harrell\harremo01,C,27,LAL,69,1,22.9,5.4,8.7,0.622,0,0.1,0,5.4,8.6,0.632,0.622,2.6,3.7,0.707,2.3,3.9,6.2,1.1,0.7,0.7,1.1,1.9,13.5
77,Kelly Olynyk\olynyke01,C-PF,29,TOT,70,62,28.5,4.8,10,0.484,1.8,5.3,0.342,3,4.7,0.641,0.574,2.1,2.5,0.829,1.2,5.7,7,2.9,1.1,0.6,1.8,3,13.5
78,Carmelo Anthony\anthoca01,PF,36,POR,69,3,24.5,4.7,11.3,0.421,1.9,4.7,0.409,2.8,6.6,0.429,0.506,2,2.2,0.89,0.5,2.6,3.1,1.5,0.7,0.6,0.9,2.1,13.4
79,Josh Jackson\jacksjo02,SG,23,DET,62,25,25.2,4.8,11.4,0.419,1.2,4.1,0.3,3.5,7.3,0.487,0.473,2.6,3.5,0.729,0.9,3.2,4.1,2.3,0.9,0.8,2.3,2.9,13.4
80,Marcus Morris\morrima03,PF,31,LAC,57,29,26.4,4.8,10.2,0.473,2.5,5.2,0.473,2.4,5.1,0.472,0.592,1.3,1.6,0.82,0.6,3.5,4.1,1,0.6,0.3,1,2.1,13.4
81,Danilo Gallinari\gallida01,PF,32,ATL,51,4,24,4,9.3,0.434,2,5,0.406,2,4.3,0.466,0.542,3.2,3.4,0.925,0.3,3.8,4.1,1.5,0.6,0.2,0.8,2.1,13.3
82,Duncan Robinson\robindu01,SF,26,MIA,72,72,31.4,4.4,10,0.439,3.5,8.5,0.408,0.9,1.4,0.625,0.614,0.9,1,0.827,0.1,3.4,3.5,1.8,0.6,0.3,1.1,2.5,13.1
83,Tyrese Haliburton\halibty01,PG,20,SAC,58,20,30.1,5,10.7,0.472,2.1,5.1,0.409,2.9,5.6,0.529,0.569,0.8,1,0.857,0.7,2.3,3,5.3,1.3,0.5,1.6,1.4,13
84,Shake Milton\miltosh01,SG,24,PHI,63,4,23.2,4.8,10.6,0.45,1.1,3.2,0.35,3.6,7.4,0.494,0.503,2.3,2.8,0.83,0.5,1.8,2.3,3.1,0.6,0.3,1.6,2.1,13
85,Kyle Kuzma\kuzmaky01,SF,25,LAL,68,32,28.7,4.9,11.1,0.443,2,5.6,0.361,2.9,5.5,0.525,0.533,1,1.4,0.691,1.6,4.5,6.1,1.9,0.5,0.6,1.7,1.8,12.9
86,P.J. Washington\washipj01,PF,22,CHO,64,61,30.5,4.7,10.7,0.44,1.8,4.5,0.386,3,6.2,0.48,0.522,1.7,2.3,0.745,1.5,5.1,6.5,2.5,1.1,1.2,2,2.7,12.9
87,Jarrett Allen\allenja01,C,22,TOT,63,45,29.6,4.7,7.7,0.618,0.1,0.3,0.316,4.6,7.3,0.631,0.624,3.2,4.6,0.703,3.1,6.9,10,1.7,0.5,1.4,1.6,1.5,12.8
88,Keldon Johnson\johnske04,SF,21,SAS,69,67,28.5,4.9,10.2,0.479,0.9,2.6,0.331,4,7.6,0.531,0.522,2.1,2.8,0.74,1.3,4.6,6,1.8,0.6,0.3,1.1,2.1,12.8
89,Will Barton\bartowi01,SF,30,DEN,56,52,31,4.6,10.9,0.426,1.8,4.6,0.381,2.9,6.3,0.459,0.507,1.7,2.2,0.785,0.7,3.3,4,3.2,0.9,0.4,1.7,1.7,12.7
90,Miles Bridges\bridgmi02,PF,22,CHO,66,19,29.3,4.7,9.4,0.503,1.8,4.4,0.4,3,5,0.593,0.596,1.5,1.7,0.867,1.2,4.8,6,2.2,0.7,0.8,1.6,2.2,12.7
91,Jalen Brunson\brunsja01,PG,24,DAL,68,12,25,4.8,9.2,0.523,1.2,2.9,0.405,3.6,6.3,0.578,0.588,1.8,2.2,0.795,0.4,3,3.4,3.5,0.5,0,1.2,1.6,12.6
92,Seth Curry\curryse01,SG,30,PHI,57,57,28.7,4.5,9.7,0.467,2.2,4.9,0.45,2.3,4.8,0.485,0.582,1.2,1.4,0.896,0.2,2.2,2.4,2.7,0.8,0.1,1.1,1.7,12.5
93,Kyle Anderson\anderky01,PF,27,MEM,69,69,27.3,4.5,9.5,0.468,1.4,3.8,0.36,3.1,5.8,0.539,0.54,2.1,2.7,0.783,0.8,5,5.7,3.6,1.2,0.8,1.2,1.7,12.4
94,Brook Lopez\lopezbr01,C,32,MIL,70,70,27.2,4.6,9.1,0.503,1.4,4,0.338,3.2,5.1,0.632,0.577,1.7,2,0.845,1.5,3.5,5,0.7,0.6,1.5,0.9,2.1,12.3
95,Saddiq Bey\beysa01,SF,21,DET,70,53,27.3,4,9.9,0.404,2.5,6.6,0.38,1.5,3.3,0.45,0.53,1.8,2.1,0.844,0.6,3.9,4.5,1.4,0.7,0.2,0.9,1.6,12.2
96,Eric Bledsoe\bledser01,SG,31,NOP,71,70,29.7,4.3,10.3,0.421,1.7,5,0.341,2.6,5.3,0.496,0.503,1.9,2.7,0.687,0.4,3,3.4,3.8,0.8,0.3,1.6,1.6,12.2
97,Joe Ingles\inglejo01,SF,33,UTA,67,30,27.9,4.1,8.4,0.489,2.7,6.1,0.451,1.4,2.3,0.59,0.652,1.1,1.3,0.844,0.4,3.2,3.6,4.7,0.7,0.2,1.7,1.8,12.1
98,Josh Richardson\richajo01,SG,27,DAL,59,56,30.3,4.5,10.5,0.427,1.5,4.5,0.33,3,5.9,0.501,0.498,1.7,1.8,0.917,0.9,2.4,3.3,2.6,1,0.4,1.3,2.2,12.1
99,Thaddeus Young\youngth01,PF,32,CHI,68,23,24.3,5.4,9.7,0.559,0.2,0.7,0.267,5.3,9.1,0.58,0.568,1,1.7,0.628,2.5,3.8,6.2,4.3,1.1,0.6,2,2.2,12.1
100,Jordan Poole\poolejo01,SG,21,GSW,51,7,19.4,4,9.3,0.432,1.9,5.4,0.351,2.1,3.9,0.545,0.535,2.1,2.3,0.882,0.3,1.5,1.8,1.9,0.5,0.2,1,1.7,12
101,Kevin Huerter\huertke01,SG,22,ATL,69,49,30.8,4.6,10.6,0.432,2,5.6,0.363,2.6,5,0.51,0.528,0.7,0.9,0.781,0.6,2.8,3.3,3.5,1.2,0.3,1.1,2.4,11.9
102,Hamidou Diallo\diallha01,SG-SF,22,TOT,52,9,23.6,4.3,9,0.477,0.5,1.6,0.341,3.8,7.5,0.505,0.506,2.5,3.8,0.64,1.1,4.1,5.2,1.9,0.8,0.5,1.5,2.6,11.6
103,Dāvis Bertāns\bertada01,PF,28,WAS,57,7,25.7,3.4,8.4,0.404,3,7.5,0.395,0.4,0.9,0.48,0.581,1.8,2,0.87,0.3,2.6,2.9,0.9,0.6,0.2,0.6,2.4,11.5
104,Rudy Gay\gayru01,PF,34,SAS,63,1,21.6,4.2,10,0.42,1.7,4.4,0.381,2.5,5.6,0.451,0.505,1.3,1.6,0.804,0.7,4.1,4.8,1.4,0.7,0.6,1,1.8,11.4
105,Bobby Portis\portibo01,C,25,MIL,66,7,20.8,4.7,9.1,0.523,1.1,2.4,0.471,3.6,6.7,0.542,0.585,0.8,1.1,0.74,1.9,5.2,7.1,1.1,0.8,0.4,0.8,1.7,11.4
106,Immanuel Quickley\quickim01,PG,21,NYK,64,3,19.4,3.6,9.1,0.395,1.8,4.7,0.389,1.7,4.3,0.401,0.497,2.4,2.7,0.891,0.4,1.8,2.1,2,0.5,0.2,0.9,1.8,11.4
107,Jae'Sean Tate\tateja01,SF,25,HOU,70,58,29.2,4.5,8.9,0.506,0.9,2.8,0.308,3.7,6.1,0.595,0.554,1.5,2.1,0.694,1.9,3.5,5.3,2.5,1.2,0.5,1.4,3.2,11.3
108,Lou Williams\willilo02,PG,34,TOT,66,4,21.6,4,9.8,0.41,1,2.6,0.399,3,7.2,0.414,0.464,2.3,2.6,0.867,0.3,1.8,2.1,3.4,0.7,0.1,1.6,0.9,11.3
109,Wendell Carter Jr.\cartewe01,C,21,TOT,54,44,25.5,4.3,8.5,0.503,0.3,0.9,0.294,4,7.5,0.53,0.52,2.4,3.3,0.732,2.4,5.8,8.2,1.9,0.6,0.8,1.4,2.7,11.2
110,Enes Kanter\kanteen01,C,28,POR,72,35,24.4,4.7,7.8,0.604,0,0.1,0.25,4.7,7.7,0.607,0.605,1.8,2.3,0.774,3.9,7.1,11,1.2,0.5,0.7,1.1,2.3,11.2
111,Naz Reid\reidna01,C,21,MIN,70,15,19.2,4.3,8.3,0.523,0.9,2.5,0.351,3.5,5.8,0.597,0.576,1.6,2.4,0.693,1.2,3.4,4.6,1,0.5,1.1,1,2.6,11.2
112,Lonnie Walker\walkelo01,SG,22,SAS,60,38,25.4,4.3,10.2,0.42,1.7,4.7,0.355,2.6,5.5,0.477,0.502,1,1.2,0.814,0.2,2.4,2.6,1.7,0.5,0.3,1.1,1.7,11.2
113,Jeff Green\greenje02,C,34,BRK,68,38,27,3.8,7.8,0.492,1.5,3.7,0.412,2.3,4.1,0.564,0.59,1.8,2.4,0.776,0.5,3.4,3.9,1.6,0.5,0.4,0.8,1.8,11
114,Dwayne Bacon\bacondw01,SG,25,ORL,72,50,25.7,4.1,10.1,0.402,0.8,2.9,0.285,3.2,7.2,0.449,0.443,2,2.4,0.824,0.4,2.7,3.1,1.3,0.6,0.1,0.6,1.4,10.9
115,Reggie Bullock\bullore01,SF,29,NYK,65,64,30,3.8,8.6,0.442,2.5,6.1,0.41,1.3,2.5,0.521,0.587,0.8,0.8,0.909,0.2,3.2,3.4,1.5,0.8,0.2,0.7,2.2,10.9
116,Patty Mills\millspa02,PG,32,SAS,68,1,24.8,3.7,9,0.412,2.4,6.3,0.375,1.3,2.7,0.5,0.544,1,1.1,0.91,0.3,1.4,1.7,2.4,0.6,0,1,1.2,10.8
117,Reggie Jackson\jacksre01,SG,30,LAC,67,43,23,3.9,8.7,0.45,1.8,4.2,0.433,2.1,4.5,0.465,0.554,1,1.2,0.817,0.4,2.5,2.9,3.1,0.6,0.1,1.1,1.9,10.7
118,Justin Holiday\holidju01,SG,31,IND,72,52,30.3,3.6,8.7,0.413,2.4,6.3,0.382,1.2,2.4,0.494,0.551,0.9,1.2,0.788,0.4,3.1,3.6,1.7,1,0.6,0.8,1.9,10.5
119,Donte DiVincenzo\divindo01,SG,24,MIL,66,66,27.5,3.8,9.1,0.42,2,5.2,0.379,1.8,3.9,0.475,0.528,0.8,1.1,0.718,1.2,4.5,5.8,3.1,1.1,0.2,1.4,1.7,10.4
120,Cedi Osman\osmande01,SF,25,CLE,59,26,25.6,3.7,9.9,0.374,1.7,5.5,0.306,2,4.4,0.458,0.458,1.3,1.6,0.8,0.6,2.8,3.4,2.9,0.9,0.2,1.4,2,10.4
121,Mason Plumlee\plumlma01,C,30,DET,56,56,26.8,4.2,6.8,0.614,0,0.1,0,4.2,6.7,0.626,0.614,2,3,0.669,2.6,6.7,9.3,3.6,0.8,0.9,1.9,3.3,10.4
122,Brandon Clarke\clarkbr01,PF,24,MEM,59,16,24,4.3,8.4,0.517,0.3,1.3,0.26,4,7.1,0.565,0.537,1.3,1.9,0.69,1.6,3.9,5.6,1.6,1,0.9,0.6,1.4,10.3
123,Delon Wright\wrighde01,SG-PG,28,TOT,63,39,27.7,3.8,8.2,0.463,1,2.7,0.372,2.8,5.5,0.509,0.525,1.6,2,0.802,1,3.2,4.3,4.4,1.6,0.5,1.3,1.2,10.2
124,Jae Crowder\crowdja01,PF,30,PHO,60,42,27.5,3.3,8.2,0.404,2.5,6.3,0.389,0.9,1.9,0.455,0.555,1,1.3,0.76,0.5,4.2,4.7,2.1,0.8,0.5,0.9,2.1,10.1
125,Théo Maledon\maledth01,PG,19,OKC,65,49,27.4,3.5,9.4,0.368,1.6,4.8,0.335,1.9,4.6,0.402,0.454,1.6,2.1,0.748,0.4,2.9,3.2,3.5,0.9,0.2,2.2,1.9,10.1
126,Elfrid Payton\paytoel01,PG,26,NYK,63,63,23.6,4.3,9.9,0.432,0.4,1.6,0.286,3.8,8.3,0.46,0.455,1.2,1.7,0.682,1,2.4,3.4,3.2,0.7,0.1,1.6,1.8,10.1
127,Bryn Forbes\forbebr01,SG,27,MIL,70,10,19.3,3.6,7.6,0.473,2.2,4.9,0.452,1.4,2.7,0.511,0.618,0.7,0.9,0.77,0.2,1.4,1.6,0.6,0.3,0,0.6,1.1,10
128,Dorian Finney-Smith\finnedo01,PF,27,DAL,60,60,32,3.7,7.8,0.472,2,5,0.394,1.7,2.7,0.616,0.6,0.5,0.7,0.756,1.6,3.8,5.4,1.7,0.9,0.4,0.8,2.3,9.8
129,Kentavious Caldwell-Pope\caldwke01,SG,27,LAL,67,67,28.4,3.3,7.6,0.431,1.8,4.4,0.41,1.5,3.2,0.46,0.549,1.4,1.7,0.866,0.4,2.3,2.7,1.9,0.9,0.4,1,1.7,9.7
130,Cameron Johnson\johnsca02,PF,24,PHO,60,11,24,3.4,8.1,0.42,2,5.6,0.349,1.4,2.5,0.581,0.541,0.8,1,0.847,0.6,2.8,3.3,1.4,0.6,0.3,0.7,1.4,9.6
131,Isaac Okoro\okorois01,SG,20,CLE,67,67,32.4,3.5,8.3,0.42,0.9,3.2,0.29,2.6,5.1,0.501,0.476,1.7,2.3,0.726,1,2.1,3.1,1.9,0.9,0.4,1.3,2.8,9.6
132,Daniel Theis\theisda01,C,28,TOT,65,51,24.6,3.9,7.2,0.541,0.8,2.3,0.322,3.1,4.8,0.646,0.593,1.1,1.7,0.673,1.4,4,5.5,1.7,0.6,0.9,1,2.6,9.6
133,Danny Green\greenda02,SF,33,PHI,69,69,28,3.2,7.9,0.412,2.5,6.3,0.405,0.7,1.6,0.438,0.573,0.4,0.6,0.775,0.8,3,3.8,1.7,1.3,0.8,1,1.8,9.5
134,Landry Shamet\shamela01,SG,23,BRK,61,12,23,3,7.5,0.408,2.1,5.5,0.387,0.9,2,0.463,0.549,1.1,1.3,0.846,0.2,1.7,1.8,1.6,0.5,0.2,0.8,1.5,9.3
135,Desmond Bane\banede01,SG,22,MEM,68,17,22.3,3.4,7.3,0.469,1.7,4,0.432,1.7,3.4,0.513,0.586,0.6,0.7,0.816,0.5,2.6,3.1,1.7,0.6,0.2,0.9,1.8,9.2
136,Patrick Williams\willipa01,PF,19,CHI,71,71,27.9,3.6,7.4,0.483,0.8,1.9,0.391,2.8,5.5,0.515,0.534,1.3,1.8,0.728,0.9,3.7,4.6,1.4,0.9,0.6,1.4,1.8,9.2
137,Furkan Korkmaz\korkmfu01,SG,23,PHI,55,11,19.3,3.1,7.7,0.401,1.8,4.9,0.375,1.3,2.8,0.445,0.52,1.1,1.5,0.732,0.3,1.7,2.1,1.5,0.9,0.2,0.8,1.2,9.1
138,De'Anthony Melton\meltode01,PG,22,MEM,52,1,20.1,3.3,7.6,0.438,1.7,4.1,0.412,1.6,3.5,0.467,0.548,0.8,1,0.804,0.6,2.5,3.1,2.5,1.2,0.6,1.3,1.6,9.1
139,Talen Horton-Tucker\hortota01,SG,20,LAL,65,4,20.1,3.4,7.5,0.458,0.6,2,0.282,2.9,5.5,0.522,0.496,1.5,2,0.775,0.4,2.2,2.6,2.8,1,0.3,1.6,2,9
140,Robin Lopez\lopezro01,C,32,WAS,71,9,19.1,3.8,6,0.633,0.1,0.3,0.278,3.7,5.7,0.649,0.639,1.4,1.9,0.723,2,1.8,3.8,0.8,0.2,0.6,1.1,1.5,9
141,Paul Millsap\millspa01,PF,35,DEN,56,36,20.8,3.4,7.2,0.476,0.9,2.6,0.343,2.5,4.6,0.55,0.537,1.3,1.8,0.724,1.4,3.3,4.7,1.8,0.9,0.6,0.9,2,9
142,Ivica Zubac\zubaciv01,C,23,LAC,72,33,22.3,3.6,5.5,0.652,0,0.1,0.25,3.6,5.4,0.656,0.654,1.9,2.4,0.789,2.6,4.6,7.2,1.3,0.3,0.9,1.1,2.6,9
143,Bruce Brown\brownbr01,PG,24,BRK,65,37,22.3,3.6,6.5,0.556,0.3,0.9,0.288,3.4,5.6,0.599,0.576,1.3,1.8,0.735,1.7,3.7,5.4,1.6,0.9,0.4,0.8,2.2,8.8
144,Terence Davis\daviste02,SG,23,TOT,61,4,17.6,3.2,7.5,0.428,1.6,4.4,0.367,1.6,3.1,0.513,0.535,0.7,0.9,0.818,0.3,2.2,2.5,1.4,0.7,0.2,1,1.6,8.7
145,Raul Neto\netora01,PG,28,WAS,64,22,21.9,3.3,7,0.468,1,2.6,0.39,2.3,4.4,0.512,0.539,1.2,1.3,0.882,0.4,2,2.4,2.3,1.1,0.1,0.8,1.7,8.7
146,Isaiah Roby\robyis01,PF,22,OKC,61,34,23.4,3.4,7,0.483,0.5,1.8,0.294,2.9,5.2,0.547,0.52,1.4,1.9,0.744,1.5,4.1,5.6,1.8,0.9,0.6,1.9,2.7,8.7
147,T.J. McConnell\mccontj01,PG,28,IND,69,3,26,4,7.1,0.559,0.2,0.7,0.313,3.8,6.4,0.586,0.574,0.5,0.7,0.688,0.8,2.9,3.7,6.6,1.9,0.3,2,1.6,8.6
148,Jakob Poeltl\poeltja01,C,25,SAS,69,51,26.7,3.8,6.2,0.616,0,0,,3.8,6.2,0.616,0.616,0.9,1.8,0.508,3.2,4.8,7.9,1.9,0.7,1.8,1.2,2.5,8.6
149,Ricky Rubio\rubiori01,PG,30,MIN,68,51,26.1,2.8,7.3,0.388,1,3.1,0.308,1.9,4.2,0.447,0.454,1.9,2.2,0.867,0.4,2.9,3.3,6.4,1.4,0.1,1.6,2,8.6
150,Robert Covington\covinro01,PF,30,POR,70,70,32,2.9,7.3,0.401,1.9,5.1,0.379,1,2.2,0.451,0.533,0.7,0.9,0.806,0.9,5.8,6.7,1.7,1.4,1.2,0.9,2.8,8.5
151,Sviatoslav Mykhailiuk\mykhasv01,SF-SG,23,TOT,66,14,20.1,3.2,7.7,0.411,1.6,4.8,0.334,1.6,2.9,0.536,0.515,0.6,0.8,0.76,0.4,2.1,2.5,1.7,0.8,0.2,1.3,1,8.5
152,Cameron Payne\payneca01,PG,26,PHO,60,1,18,3.2,6.6,0.484,1.2,2.8,0.44,2,3.8,0.515,0.576,0.8,0.9,0.893,0.3,2.1,2.4,3.6,0.6,0.3,1,1.6,8.4
153,Luke Kennard\kennalu01,SG,24,LAC,63,17,19.6,3.1,6.6,0.476,1.6,3.6,0.446,1.5,3,0.511,0.597,0.4,0.5,0.839,0.2,2.3,2.6,1.7,0.4,0.1,0.8,1.4,8.3
154,Sterling Brown\brownst02,SG,25,HOU,51,14,24.1,2.9,6.6,0.448,1.8,4.2,0.423,1.2,2.4,0.492,0.584,0.5,0.6,0.806,0.7,3.6,4.4,1.4,0.7,0.2,0.8,1.9,8.2
155,Cory Joseph\josepco01,PG,29,TOT,63,13,23,3.2,6.8,0.469,0.7,2.1,0.341,2.5,4.7,0.527,0.522,1.1,1.4,0.818,0.6,2,2.5,3.4,1,0.3,1.3,2.2,8.2
156,Nicolas Batum\batumni01,SF,32,LAC,67,38,27.4,2.9,6.1,0.464,1.6,4.1,0.404,1.2,2.1,0.579,0.597,0.7,0.9,0.828,0.7,4,4.7,2.2,1,0.6,0.8,1.5,8.1
157,JaMychal Green\greenja01,PF,30,DEN,58,5,19.3,3,6.4,0.463,1.4,3.4,0.399,1.6,3,0.534,0.568,0.8,1,0.807,1.5,3.3,4.8,0.9,0.4,0.4,0.9,2.5,8.1
158,Tyrese Maxey\maxeyty01,SG,20,PHI,61,8,15.3,3.2,7,0.462,0.5,1.7,0.301,2.7,5.3,0.512,0.498,1,1.1,0.871,0.2,1.5,1.7,2,0.4,0.2,0.7,1.3,8
159,Kenrich Williams\willike04,PF,26,OKC,66,13,21.6,3.3,6.2,0.533,0.8,1.8,0.444,2.5,4.5,0.568,0.596,0.5,1,0.571,1.3,2.9,4.1,2.3,0.8,0.3,1.2,2.2,8
160,Robert Williams\williro04,C,23,BOS,52,13,18.9,3.6,5,0.721,0,0,0,3.6,4.9,0.727,0.721,0.9,1.4,0.616,2.6,4.3,6.9,1.8,0.8,1.8,1,2,8
161,Isaiah Stewart\stewais01,C,19,DET,68,14,21.4,3.3,6,0.553,0.3,0.9,0.333,3,5.1,0.592,0.578,0.9,1.4,0.696,2.3,4.3,6.7,0.9,0.6,1.3,1,2.7,7.9
162,Anfernee Simons\simonan01,SG,21,POR,64,0,17.3,2.6,6.3,0.419,1.9,4.4,0.426,0.8,1.9,0.403,0.569,0.7,0.9,0.807,0.2,2,2.2,1.4,0.3,0.1,0.7,1.5,7.8
163,D.J. Augustin\augusdj01,PG,33,TOT,57,12,19.8,2.4,6,0.394,1.5,3.8,0.382,0.9,2.2,0.413,0.515,1.5,1.6,0.904,0.4,1.3,1.6,3.3,0.5,0,1.1,1,7.7
164,Ben McLemore\mclembe01,SG,27,TOT,53,5,17.1,2.5,6.9,0.37,1.8,5.3,0.346,0.7,1.6,0.447,0.503,0.7,1,0.736,0.3,1.6,1.9,0.7,0.4,0.2,0.8,1.7,7.7
165,Payton Pritchard\pritcpa01,SG,23,BOS,66,4,19.2,2.8,6.3,0.44,1.5,3.8,0.411,1.2,2.6,0.482,0.562,0.6,0.7,0.889,0.5,1.9,2.4,1.8,0.6,0.1,0.8,1.6,7.7
166,Tomáš Satoranský\satorto01,SG,29,CHI,58,18,22.5,2.9,5.7,0.514,0.7,2,0.356,2.2,3.6,0.602,0.578,1.2,1.4,0.848,0.5,1.9,2.4,4.7,0.7,0.2,1.7,1.5,7.7
167,Steven Adams\adamsst01,C,27,NOP,58,58,27.7,3.3,5.3,0.614,0,0.1,0,3.3,5.3,0.62,0.614,1,2.3,0.444,3.7,5.2,8.9,1.9,0.9,0.7,1.3,1.9,7.6
168,Garrett Temple\templga01,SG,34,CHI,56,25,27.3,2.8,6.8,0.415,1.2,3.6,0.335,1.6,3.2,0.503,0.503,0.7,0.9,0.8,0.5,2.3,2.9,2.2,0.8,0.5,1,2.3,7.6
169,Tristan Thompson\thomptr01,PF,29,BOS,54,43,23.8,3.1,6,0.518,0,0.1,0,3.1,6,0.523,0.518,1.3,2.2,0.592,3.1,5,8.1,1.2,0.4,0.6,1.1,2.2,7.6
170,Jaxson Hayes\hayesja02,C,20,NOP,60,3,16.1,2.9,4.7,0.625,0.1,0.2,0.429,2.8,4.4,0.635,0.636,1.6,2,0.775,1.5,2.8,4.3,0.6,0.4,0.6,0.7,1.7,7.5
171,DeAndre Jordan\jordade01,C,32,BRK,57,43,21.9,3.3,4.4,0.763,0,0,0,3.3,4.4,0.766,0.763,0.8,1.6,0.5,2.1,5.4,7.5,1.6,0.3,1.1,1.5,2,7.5
172,Edmond Sumner\sumneed01,SG,25,IND,53,24,16.2,2.8,5.3,0.525,0.7,1.7,0.398,2.1,3.7,0.582,0.587,1.3,1.6,0.819,0.3,1.4,1.8,0.9,0.6,0.2,1,1.7,7.5
173,Kent Bazemore\bazemke01,SF,31,GSW,67,18,19.9,2.6,5.9,0.449,1.1,2.7,0.408,1.5,3.1,0.486,0.545,0.8,1.2,0.692,0.4,3,3.4,1.6,1,0.5,1.2,2.4,7.2
174,Khem Birch\birchkh01,C,28,TOT,67,22,22.8,2.8,5.7,0.497,0.2,0.8,0.25,2.6,4.9,0.537,0.514,1.4,1.9,0.705,2.6,3.2,5.8,1.3,0.7,0.7,0.7,1.7,7.2
175,Juan Hernangómez\hernaju01,PF,25,MIN,52,6,17.3,2.5,5.8,0.435,1.1,3.2,0.327,1.4,2.5,0.573,0.527,1.2,1.9,0.619,0.9,3.1,3.9,0.7,0.4,0.1,0.5,1,7.2
176,Aaron Holiday\holidaa01,PG,24,IND,66,8,17.8,2.6,6.6,0.39,1,2.8,0.368,1.6,3.8,0.406,0.467,1,1.3,0.819,0.2,1.1,1.3,1.9,0.7,0.2,1,1.4,7.2
177,James Johnson\johnsja01,PF,33,TOT,51,12,20.5,2.9,6.4,0.446,0.6,2.4,0.258,2.3,4.1,0.556,0.494,0.9,1.5,0.592,0.6,2.8,3.5,1.9,0.8,0.8,1.1,2.4,7.2
178,Daniel Gafford\gaffoda01,PF-C,22,TOT,54,11,14.6,2.9,4.2,0.684,0,0,,2.9,4.2,0.684,0.684,1.3,2,0.667,1.7,2.5,4.3,0.5,0.5,1.4,0.8,1.8,7
179,Draymond Green\greendr01,PF,30,GSW,63,63,31.5,2.7,6,0.447,0.5,2,0.27,2.2,4,0.535,0.492,1.1,1.4,0.795,0.9,6.3,7.1,8.9,1.7,0.8,3,3.1,7
180,Dwight Howard\howardw01,C,35,PHI,69,6,17.3,2.6,4.4,0.587,0.1,0.3,0.25,2.5,4.1,0.611,0.596,1.8,3,0.576,2.8,5.7,8.4,0.9,0.4,0.9,1.6,2.9,7
181,Terance Mann\mannte01,SG,24,LAC,67,10,18.9,2.7,5.2,0.509,0.6,1.4,0.418,2.1,3.9,0.541,0.563,1.2,1.4,0.83,0.8,2.8,3.6,1.6,0.4,0.2,0.6,1.9,7
182,Royce O'Neale\onealro01,SF,27,UTA,71,71,31.6,2.5,5.5,0.444,1.5,3.9,0.385,1,1.6,0.586,0.58,0.5,0.6,0.848,1.2,5.6,6.8,2.5,0.8,0.5,1.2,2.6,7
183,R.J. Hampton\hamptrj01,SG-PG,19,TOT,51,1,17.4,2.7,6.1,0.435,0.5,1.7,0.31,2.1,4.4,0.482,0.478,1.1,1.6,0.671,0.6,2.9,3.5,1.7,0.4,0.2,1,1.2,6.9
184,Georges Niang\niangge01,PF,27,UTA,72,10,16,2.5,5.6,0.437,1.7,4.1,0.425,0.7,1.6,0.469,0.59,0.3,0.3,0.957,0.4,2.1,2.4,0.8,0.3,0.1,0.7,1.6,6.9
185,Pat Connaughton\connapa01,SG,28,MIL,69,4,22.8,2.4,5.6,0.434,1.5,3.9,0.371,1,1.7,0.583,0.565,0.4,0.6,0.775,0.9,3.9,4.8,1.2,0.7,0.3,0.5,1.4,6.8
186,Derrick Jones Jr.\jonesde02,SF,23,POR,58,43,22.7,2.5,5.2,0.484,0.7,2.3,0.316,1.8,2.9,0.619,0.554,1,1.6,0.648,1.3,2.2,3.5,0.8,0.6,0.9,0.6,2.2,6.8
187,Jaden McDaniels\mcdanja02,PF,20,MIN,63,27,24,2.6,5.8,0.447,1.1,3.1,0.364,1.5,2.7,0.544,0.545,0.4,0.7,0.6,0.8,2.9,3.7,1.1,0.6,1,0.7,2.7,6.8
188,Markieff Morris\morrima02,PF,31,LAL,61,27,19.7,2.5,6.2,0.405,1.1,3.4,0.311,1.4,2.8,0.521,0.491,0.6,0.8,0.72,0.8,3.6,4.4,1.2,0.4,0.3,0.9,1.7,6.7
189,Jeff Teague\teaguje01,PG,32,TOT,55,7,17.3,2.2,5.2,0.433,0.7,1.5,0.439,1.6,3.7,0.431,0.496,1.6,1.9,0.848,0.3,1.3,1.6,2.4,0.6,0.2,1.2,1,6.7
190,Trey Burke\burketr01,PG,28,DAL,62,1,14.7,2.4,5.7,0.428,0.9,2.6,0.354,1.5,3,0.492,0.51,0.8,0.9,0.895,0.2,0.7,0.9,1.3,0.6,0.1,0.5,1,6.6
191,Alex Len\lenal01,C,27,TOT,64,42,15.3,2.7,4.3,0.615,0.1,0.4,0.32,2.5,4,0.644,0.629,1.1,1.8,0.629,1.2,2.8,4.1,0.8,0.3,1,0.9,2,6.6
192,Xavier Tillman Sr.\tillmxa01,PF,22,MEM,59,12,18.4,2.8,5.1,0.559,0.4,1.1,0.338,2.5,4,0.62,0.595,0.6,0.9,0.642,1.3,3.1,4.3,1.3,0.7,0.6,0.8,2,6.6
193,Damion Lee\leeda03,SG,28,GSW,57,1,18.9,2.2,4.8,0.467,1.4,3.4,0.397,0.9,1.4,0.638,0.608,0.7,0.8,0.909,0.4,2.8,3.2,1.3,0.7,0.1,0.5,1.6,6.5
194,Denzel Valentine\valende01,SG,27,CHI,62,3,16.7,2.5,6.7,0.373,1.3,3.9,0.331,1.2,2.8,0.431,0.469,0.3,0.3,0.941,0.4,2.8,3.2,1.7,0.5,0.1,0.7,1.1,6.5
195,Alex Caruso\carusal01,PG,26,LAL,58,6,21,2.3,5.3,0.436,0.9,2.4,0.401,1.3,2.9,0.464,0.526,0.8,1.3,0.645,0.5,2.4,2.9,2.8,1.1,0.3,1.3,1.9,6.4
196,Kira Lewis Jr.\lewiski01,PG,19,NOP,54,0,16.7,2.4,6.2,0.386,0.7,2.2,0.333,1.7,4,0.415,0.445,0.8,0.9,0.843,0.2,1.1,1.3,2.3,0.7,0.2,0.6,1.6,6.4
197,Timothé Luwawu-Cabarrot\luwawti01,SF,25,BRK,58,7,18.1,2.2,6.1,0.365,1.3,4.1,0.314,0.9,2,0.47,0.471,0.6,0.7,0.814,0.5,1.7,2.2,1.2,0.6,0.1,0.7,1.7,6.4
198,Deni Avdija\avdijde01,SF,20,WAS,54,32,23.3,2.4,5.8,0.417,1,3.1,0.315,1.4,2.7,0.535,0.502,0.5,0.8,0.644,0.4,4.4,4.9,1.2,0.6,0.3,0.6,2.6,6.3
199,Tyus Jones\jonesty01,PG,24,MEM,70,9,17.5,2.5,5.9,0.431,0.6,2,0.321,1.9,3.9,0.487,0.485,0.6,0.6,0.911,0.3,1.7,2,3.7,0.9,0.1,0.7,0.4,6.3
200,Aron Baynes\baynear01,C,34,TOR,53,31,18.5,2.5,5.7,0.441,0.5,1.9,0.262,2,3.8,0.532,0.485,0.5,0.8,0.707,1.6,3.5,5.2,0.9,0.3,0.4,0.9,2.2,6.1
201,Facundo Campazzo\campafa01,PG,29,DEN,65,19,21.9,1.8,4.8,0.381,1.2,3.3,0.352,0.7,1.5,0.444,0.502,1.2,1.4,0.879,0.3,1.7,2.1,3.6,1.2,0.2,1.1,2,6.1
202,Dean Wade\wadede01,PF,24,CLE,63,19,19.2,2.1,4.9,0.431,1.2,3.4,0.366,0.9,1.6,0.571,0.556,0.5,0.6,0.769,0.6,2.8,3.4,1.2,0.6,0.3,0.5,1.2,6
203,Dwight Powell\poweldw01,C,29,DAL,58,19,16.7,2.1,3.3,0.619,0.1,0.4,0.238,2,3,0.665,0.631,1.7,2.1,0.782,1.4,2.7,4,1.1,0.6,0.5,0.7,2.3,5.9
204,Drew Eubanks\eubandr01,C,23,SAS,54,3,14,2.1,3.8,0.566,0,0,1,2.1,3.8,0.562,0.571,1.4,2,0.726,1.4,3.1,4.5,0.8,0.3,0.9,0.8,1.6,5.8
205,DeAndre' Bembry\bembrde01,SF,26,TOR,51,12,19.1,2.3,4.5,0.513,0.3,1,0.264,2,3.4,0.589,0.544,0.9,1.3,0.682,0.6,2.2,2.9,2.1,1,0.4,1.4,1.7,5.7
206,Juan Toscano-Anderson\toscaju01,SG,27,GSW,53,16,20.9,2.3,3.9,0.579,0.7,1.7,0.402,1.6,2.2,0.718,0.667,0.4,0.6,0.71,0.5,3.9,4.4,2.8,0.8,0.5,1.2,2.1,5.7
207,Mychal Mulder\muldemy01,PG,26,GSW,60,6,12.8,2,4.4,0.449,1.4,3.6,0.397,0.6,0.9,0.667,0.609,0.2,0.4,0.636,0.1,0.9,1,0.4,0.2,0.2,0.3,0.9,5.6
208,Garrison Mathews\mathega01,SG,24,WAS,64,24,16.2,1.5,3.7,0.409,1.2,3.1,0.384,0.3,0.6,0.538,0.57,1.3,1.5,0.884,0.3,1.1,1.4,0.4,0.5,0.1,0.2,1.7,5.5
209,Devin Vassell\vassede01,SF,20,SAS,62,7,17,2,4.9,0.406,0.8,2.4,0.347,1.1,2.5,0.464,0.492,0.7,0.8,0.843,0.4,2.4,2.8,0.9,0.7,0.3,0.4,1.4,5.5
210,Brad Wanamaker\wanambr01,PG,31,TOT,61,0,17.3,1.9,4.9,0.385,0.3,1.4,0.188,1.6,3.5,0.463,0.411,1.5,1.7,0.891,0.3,1.4,1.7,2.9,0.7,0.2,1.2,1.5,5.5
211,Derrick Favors\favorde01,C,29,UTA,68,0,15.3,2.3,3.6,0.638,0,0,0,2.3,3.5,0.643,0.638,0.9,1.2,0.738,2,3.5,5.5,0.6,0.5,1,0.5,2.1,5.4
212,Josh Okogie\okogijo01,SG,22,MIN,59,37,20.3,1.7,4.3,0.402,0.5,1.8,0.269,1.2,2.5,0.5,0.459,1.4,1.8,0.769,1.1,1.6,2.6,1.1,0.9,0.5,0.7,2.1,5.4
213,Jarred Vanderbilt\vandeja01,PF,21,MIN,64,30,17.8,2.2,3.7,0.606,0,0.1,0.2,2.2,3.6,0.615,0.608,0.9,1.6,0.559,1.8,3.9,5.8,1.2,1,0.7,0.8,1.9,5.4
214,Willie Cauley-Stein\caulewi01,C,27,DAL,53,16,17.1,2.2,3.4,0.632,0,0.2,0.091,2.2,3.2,0.667,0.635,0.9,1.5,0.628,1.2,3.2,4.5,0.7,0.4,0.8,0.5,2.4,5.3
215,Sekou Doumbouya\doumbse01,PF,20,DET,56,11,15.5,1.9,5,0.379,0.5,2.1,0.226,1.4,3,0.485,0.426,0.8,1.1,0.703,0.7,1.9,2.6,0.8,0.4,0.2,0.8,1.7,5.1
216,Nerlens Noel\noelne01,C,26,NYK,64,41,24.2,2.1,3.5,0.614,0,0,0,2.1,3.4,0.623,0.614,0.8,1.1,0.714,2.2,4.2,6.4,0.7,1.1,2.2,1,2.8,5.1
217,Precious Achiuwa\achiupr01,PF,21,MIA,61,4,12.1,2,3.7,0.544,0,0,0,2,3.7,0.546,0.544,0.9,1.8,0.509,1.2,2.2,3.4,0.5,0.3,0.5,0.7,1.5,5
218,Bismack Biyombo\biyombi01,C,28,CHO,66,36,20.4,2.2,3.7,0.587,0,0,0,2.2,3.7,0.589,0.587,0.7,1.6,0.448,2.1,3.2,5.3,1.2,0.3,1.1,1.1,2.1,5
219,Marc Gasol\gasolma01,C,36,LAL,52,42,19.1,1.7,3.7,0.454,1,2.3,0.41,0.7,1.4,0.528,0.582,0.7,1,0.72,0.7,3.4,4.1,2.1,0.5,1.1,1,2.2,5
220,Caleb Martin\martica02,SF,25,CHO,53,3,15.4,1.8,4.8,0.375,0.6,2.4,0.248,1.2,2.5,0.496,0.436,0.8,1.2,0.641,0.6,2.1,2.7,1.3,0.7,0.2,0.6,1.2,5
221,Jordan McLaughlin\mclaujo01,PG,24,MIN,51,2,18.4,2,4.7,0.413,0.6,1.8,0.359,1.3,2.9,0.447,0.481,0.5,0.6,0.767,0.4,1.7,2.1,3.8,1,0.1,1,0.9,5
222,Wesley Matthews\matthwe02,SG,34,LAL,58,10,19.5,1.5,4.3,0.353,1.1,3.4,0.335,0.4,0.9,0.418,0.484,0.6,0.7,0.854,0.3,1.3,1.6,0.9,0.7,0.3,0.4,1.4,4.8
223,Grant Williams\willigr01,PF,22,BOS,63,9,18.1,1.7,3.9,0.437,0.8,2,0.372,1,1.9,0.508,0.534,0.5,0.8,0.588,0.8,2.1,2.8,1,0.5,0.4,0.9,2.6,4.7
224,Semi Ojeleye\ojelese01,PF,26,BOS,56,15,17,1.6,3.9,0.403,1,2.8,0.367,0.6,1.1,0.492,0.534,0.4,0.6,0.75,0.6,2.1,2.6,0.7,0.3,0,0.4,1,4.6
225,Solomon Hill\hillso01,PF,29,ATL,71,16,21.3,1.5,4.2,0.359,1,3,0.321,0.5,1.2,0.453,0.473,0.5,0.6,0.761,0.6,2.4,3,1.1,0.7,0.2,0.6,1.6,4.5
226,Rodney Hood\hoodro01,SF,28,TOT,55,5,17.1,1.7,4.7,0.362,0.6,2.1,0.301,1.1,2.7,0.408,0.427,0.4,0.5,0.857,0.4,1.5,1.9,1,0.4,0.1,0.7,1.3,4.5
227,Andre Iguodala\iguodan01,SF,37,MIA,63,5,21.3,1.5,3.9,0.383,1,2.9,0.33,0.6,1,0.53,0.504,0.4,0.6,0.658,0.6,2.9,3.5,2.3,0.9,0.6,1.1,1.4,4.4
228,Stanley Johnson\johnsst04,PF,24,TOR,61,13,16.5,1.5,3.8,0.382,0.7,2.2,0.328,0.7,1.6,0.458,0.479,0.7,0.9,0.8,0.5,2,2.5,1.5,0.9,0.3,0.9,1.9,4.4
229,Mike Scott\scottmi01,PF,32,PHI,51,12,16.7,1.5,4.1,0.36,1,3,0.342,0.5,1.1,0.411,0.486,0.2,0.2,0.667,0.2,2.1,2.4,0.8,0.5,0.3,0.4,1.4,4.2
230,Jevon Carter\carteje01,PG,25,PHO,60,1,12,1.6,3.7,0.422,0.9,2.5,0.371,0.6,1.2,0.528,0.547,0.1,0.1,0.571,0.3,1.3,1.5,1.2,0.5,0.2,0.3,0.9,4.1
231,Kevon Looney\looneke01,C,24,GSW,61,34,19,1.8,3.2,0.548,0.1,0.3,0.235,1.7,3,0.578,0.558,0.5,0.8,0.646,1.9,3.4,5.3,2,0.3,0.4,0.6,2.2,4.1
232,Obi Toppin\toppiob01,PF,22,NYK,62,0,11,1.7,3.4,0.498,0.4,1.4,0.306,1.3,2,0.629,0.56,0.3,0.4,0.731,0.4,1.8,2.2,0.5,0.3,0.2,0.4,0.9,4.1
233,Cody Martin\martico01,SF,25,CHO,52,10,16.3,1.6,3.6,0.441,0.3,1.1,0.276,1.3,2.5,0.515,0.484,0.5,0.8,0.581,1,2.1,3.1,1.7,0.7,0.2,0.8,1,4
234,Matisse Thybulle\thybuma01,SG,23,PHI,65,8,20,1.6,3.7,0.42,0.7,2.2,0.301,0.9,1.5,0.59,0.508,0.1,0.3,0.444,0.5,1.4,1.9,1,1.6,1.1,0.5,2,3.9
235,P.J. Tucker\tuckepj01,PF,35,TOT,52,33,26.1,1.3,3.4,0.373,0.8,2.3,0.336,0.5,1.1,0.448,0.486,0.4,0.5,0.75,1,2.9,3.9,1.2,0.8,0.4,0.8,2.4,3.7
236,Thanasis Antetokounmpo\antetth01,SF,28,MIL,57,3,9.7,1.2,2.4,0.489,0.1,0.5,0.241,1.1,1.9,0.556,0.515,0.4,0.9,0.51,0.9,1.2,2.2,0.8,0.4,0.2,0.8,1.3,2.9
237,Miye Oni\onimi01,SG,23,UTA,54,0,9.6,0.6,1.8,0.354,0.6,1.6,0.341,0.1,0.2,0.455,0.505,0.1,0.1,0.833,0.4,1.1,1.6,0.5,0.2,0.1,0.3,1.1,1.9
